{"cameraMode":{"drawMode":0,"name":"Shaded","section":"Shading Mode"},"sceneLighting":false,"audioPlay":false,"sceneViewState":{"showFog":true,"showMaterialUpdate":false,"showSkybox":false,"showFlares":true,"showImageEffects":true,"showParticleSystems":true},"in2DMode":false,"pivot":{"x":-0.012910280376672745,"y":0.03289099782705307,"z":0.0},"rotation":{"x":-0.12723256647586823,"y":0.06006867066025734,"z":-0.007710917852818966,"w":-0.9900548458099365},"size":0.13191603124141694,"orthographic":false}