{"cameraMode":{"drawMode":0,"name":"Shaded","section":"Shading Mode"},"sceneLighting":true,"audioPlay":false,"sceneViewState":{"showFog":true,"showMaterialUpdate":false,"showSkybox":true,"showFlares":true,"showImageEffects":true,"showParticleSystems":true},"in2DMode":false,"pivot":{"x":3.12945556640625,"y":179.78573608398438,"z":4.9822998046875},"rotation":{"x":-0.4130960702896118,"y":-0.5250064730644226,"z":0.32350432872772219,"w":-0.6702316403388977},"size":338.06097412109377,"orthographic":true}